Expert Index,Expert Name,Function Description
247,Mathematical Analysis,Quantitative mathematical and statistical analysis
583,Scientific Computing,Scientific algorithms solving and modeling
916,Applied Research,Applied knowledge and practical solutions
134,Problem Analysis,Problem decomposition and solution planning
672,Process Engineering,Engineering processes and flow optimization
123,General Analysis,Comprehensive problem analysis
291,Numerical Computing,Computational algorithms and methods
365,Research Methods,Applied research methodologies
456,Solution Design,Strategic solution development
527,Problem Solving,Practical problem-solving approaches
748,Data Processing,Scientific data analysis and processing
814,Knowledge Integration,Cross-domain knowledge synthesis
